id,post_id,parent_id,body,author,score,created_utc,processing_timestamp
myj8n9x,1l9h28t,myj40zx,too bad.,AdrawereR,1,2025-06-18 22:45:51+00,2025-06-19 00:33:53.562808+00
myj40zx,1l9h28t,myfeav2,ye but cammo,Kolinkftw,1,2025-06-18 22:20:15+00,2025-06-19 00:33:53.562808+00
myfg9zg,1lals7f,1lals7f,"Saw title, knew grom",ZEE-L0T,1,2025-06-18 11:15:13+00,2025-06-19 00:33:53.562808+00
myfeav2,1l9h28t,myeydr2,"Here, you will get a slightly better gun handling but due to that it gets longer reload time and 1 less ammo.",AdrawereR,1,2025-06-18 11:00:32+00,2025-06-19 00:33:53.562808+00
myeydr2,1l9h28t,1l9h28t,lorr40t buff when,Kolinkftw,1,2025-06-18 08:35:26+00,2025-06-19 00:33:53.562808+00
myddrgv,1lae3ju,1lae3ju,"I hope he will get banned. Imagine playing 493.000 rounds and only surviving 2.800.

Big troller.",Lumpy-Dirt3508,2,2025-06-18 01:26:35+00,2025-06-19 00:33:53.562808+00
mybl7w2,1l9gnt8,1l9gnt8,Started 2012 and quit in 2022. Switched to Wot Blitz and find it almost as fun as when i started wot.,yurahbom,1,2025-06-17 19:47:21+00,2025-06-19 00:33:53.562808+00
mybi6e3,1laknss,1laknss,"Yes, tank forgives a lot, also rewards not much",the_tique,1,2025-06-17 19:32:37+00,2025-06-19 00:33:53.562808+00
mybd6kn,1lahlwc,mxl5sza,"No chance, lol traktor wrecks their shit so easily and have way better pen and dpm to deal with higher tiers¬†",Pleasant_Luck7944,1,2025-06-17 19:08:49+00,2025-06-19 00:33:53.562808+00
mybangt,1laawqr,mxj58kr,"This is all wildly incorrect. Just go look at an ms-1, a tier one with 500 pen and well over 3k dpm, an absolute sniper. And the lol traktor with 5k+HP and a gun that bursts for 600 with a 3 second reload.... That's two tier ones",Pleasant_Luck7944,1,2025-06-17 18:56:54+00,2025-06-19 00:33:53.562808+00
myavvcm,1l89adq,1l89adq,"I had it ¬†

ITS HORRIBLE ps looks like hot garbage kv2 is better¬†",Free_Wafer_7952,1,2025-06-17 17:48:20+00,2025-06-19 00:33:53.562808+00
mya83t2,1lajhbz,mxx3cif,"Well...then had to wait for the next 1st of April and it would be a great ""What it...?"" topic.",DevilhunterXL,1,2025-06-17 15:58:58+00,2025-06-19 00:33:53.562808+00
my91h2h,1l6ocr2,1l6ocr2,"From‚ÄúOh yeah bro with 3 foch 155 we can wipe out an entire flank, lets yoloooo‚Äùto ‚Äúbro those 3000 wn8 bot only know how to camp, if they come with us we would destrt them‚Äù",Eastern-Tell,1,2025-06-17 12:17:49+00,2025-06-19 00:33:53.562808+00
my8zsvt,1l7f5bp,1l7f5bp,Noobs,Eastern-Tell,1,2025-06-17 12:06:51+00,2025-06-19 00:33:53.562808+00
my8gg7o,1l9az8p,1l9az8p,"I always laugh at people screaming ""skill issue"" in a game with so prominent RNG like World of Tanks is. I can be best player in the world, knowing every bit of every map but when a game ""decides"" that my next 5 shots will miss or ding on paper tank or will leave ambushed enemy with 2HP so he can shoot back and kill me, then that's it.",Flapu7,1,2025-06-17 09:29:42+00,2025-06-19 00:33:53.562808+00
my89iwe,1l8sw0k,mxdc7xs,Join a clan. Clan mates are always willing to platoon and have fun. I barely hop on now since the game is awful to play and not rewarding anymore.,ElkElectrical8585,2,2025-06-17 08:19:26+00,2025-06-19 00:33:53.562808+00
my8769q,1lae3ju,mxjseia,"""Celebrity"".  What's to celebrate?",threefuries73,1,2025-06-17 07:55:48+00,2025-06-19 00:33:53.562808+00
my874l4,1lae3ju,1lae3ju,"Just had the displeasure of encoutering this fool again just now, this time on the opposite team.  True to form, he Yolo'd into our team, somehow managing to collect 800 damage with the only 3 shots he fired off and finished halfway up their leaderboard.

The lack of engagement from any WG staff on topics involving this player is very telling to me.  The guy has been griefing the game for 12 years.  I've reported him via tickets on mulitple occasions and still here he is.

Accounts like this are a game feature.  WG endorses griefing.  It's sickening.",threefuries73,2,2025-06-17 07:55:20+00,2025-06-19 00:33:53.562808+00
my7sb74,1l9gnt8,1l9gnt8,I drew Prokhorovka in my Elec Even 90 tonight and got 9808 spotting.  Fun times.,Mercury_Madulller,1,2025-06-17 05:35:25+00,2025-06-19 00:33:53.562808+00
my6yige,1l9mhaa,1l9mhaa,"GONSALO..

yes yes yes!",Haunting_Pop_749,1,2025-06-17 02:08:51+00,2025-06-19 00:33:53.562808+00
my4seas,1lanf2o,1lanf2o,wow,Venom286,1,2025-06-16 19:17:12+00,2025-06-19 00:33:53.562808+00
my4m0gh,1l9gnt8,my4cthu,It sucks because the snail just deleted my account and I can't get on warthunder anymore. Why do the tank gods hate me,That_Gadget,1,2025-06-16 18:46:45+00,2025-06-19 00:33:53.562808+00
my4cthu,1l9gnt8,my33olv,money money money!,QuarterBxch,1,2025-06-16 18:03:15+00,2025-06-19 00:33:53.562808+00
my49onr,1l9az8p,my49okl,"Hello /u/untetheredgrief! Your post was removed because you have a new account and don't have a verified email. Please verify your email and try again.

*I am a bot, and this action was performed automatically. Please [contact the moderators of this subreddit](/message/compose/?to=/r/WorldofTanks) if you have any questions or concerns.*",AutoModerator,1,2025-06-16 17:48:58+00,2025-06-19 00:33:53.562808+00
my49okl,1l9az8p,mxce6t8,[removed],deleted,1,2025-06-16 17:48:57+00,2025-06-19 00:33:53.562808+00
my3cldl,1l8wzqe,1l8wzqe,Next event is: operation overprice!,Tall-Bad-1143,2,2025-06-16 15:12:36+00,2025-06-19 00:33:53.562808+00
my33olv,1l9gnt8,1l9gnt8,They removed my ace TOG II and when I asked why they said I never purchased it so they won't give it back. Now they say it was never on my account. Like brother I'm in a tog only clan. That was my main tank. WTF,That_Gadget,1,2025-06-16 14:29:05+00,2025-06-19 00:33:53.562808+00
my2flu4,1l89adq,1l89adq,One of the worst premium tanks..,Speedmasterulx,1,2025-06-16 12:10:03+00,2025-06-19 00:33:53.562808+00
my27l68,1lah7em,mxqzw74,"> There is no indication it's a bug though.

From a software perspective, allowing players to get infinite premium currency for a finite real-money price in a free-to-play game is a bug.

Again, I'm not talking legal consequences here, I'm talking about what the whole industry calls a bug.",0xAFFFF,1,2025-06-16 11:10:56+00,2025-06-19 00:33:53.562808+00
my20fw2,1l9k4pz,1l9k4pz,Watching other people play is super important imo. Ive probably watched 5x my hours in the game and im just getting decent at 5k games. I can‚Äôt imagine if I just played those with no other form of improving.,Karmabyte69,1,2025-06-16 10:09:20+00,2025-06-19 00:33:53.562808+00
my1rsjc,1lae3ju,1lae3ju,"Wargaming should get permabanned themselves from the internet, most hateful company",BigLeBluffski,1,2025-06-16 08:42:46+00,2025-06-19 00:33:53.562808+00
my1rka3,1lae3ju,mxm362h,"Twitch even should ban him for being mentally ill, crazy, sick af",BigLeBluffski,1,2025-06-16 08:40:21+00,2025-06-19 00:33:53.562808+00
my1lcpx,1l9az8p,1l9az8p,"Dont start playing warthunder, you suffer even more",Kalamiess,1,2025-06-16 07:36:52+00,2025-06-19 00:33:53.562808+00
my1jzc7,1l8rq5a,1l8rq5a,https://preview.redd.it/hszszqcoq87f1.jpeg?width=640&format=pjpg&auto=webp&s=bbea89864149295f511f95beceb8b272de4ae950,NotEdibleCactus,1,2025-06-16 07:23:03+00,2025-06-19 00:33:53.562808+00
my13251,1lae3ju,1lae3ju,"indubitably, yes",daveiid,1,2025-06-16 04:49:15+00,2025-06-19 00:33:53.562808+00
my0dyc9,1l9xdei,1l9xdei,KLAUS I THOUGHT WE AGREED NO MORE STROH WHILE DRIVING TANK,ZEE-L0T,1,2025-06-16 01:55:20+00,2025-06-19 00:33:53.562808+00
my0bw4d,1l9az8p,1l9az8p,Besides T10 level games are all about losing credit.,Successful_You108,1,2025-06-16 01:42:32+00,2025-06-19 00:33:53.562808+00
my0bcap,1l9az8p,mxbetzd,I completely agree with you.,Successful_You108,2,2025-06-16 01:39:07+00,2025-06-19 00:33:53.562808+00
my0absg,1l9az8p,mxbjc0i,Being 14 mins blind in Malinovka and geting killed in 20 seconds is frustrating,Successful_You108,1,2025-06-16 01:32:44+00,2025-06-19 00:33:53.562808+00
my09u21,1l9az8p,1l9az8p,"I would copy and paste this post exactly for my feelings. Randoms are so boring. Really boring, I have been playing  for 13 years like you and I never find myself so fooled in this game. Remembering myself performing 56wr with 2500 wn8 and now lately my wr is  39%. I have seen many t95 camping on our cap area. I take tortoise and I find myself  in prokhorovka. Lights geting killed instant and wasting my 15mins waiting blind. 

This game is so boring. Sooo boring. Only game mode i like is frontline.

By the way t10 games are the worst quality",Successful_You108,2,2025-06-16 01:29:34+00,2025-06-19 00:33:53.562808+00
my00qcn,1l7d7rl,1l7d7rl,I've remained undetected for many of my games :(,smokey2442,1,2025-06-16 00:31:56+00,2025-06-19 00:33:53.562808+00
mxz2xcs,1l9qnld,1l9qnld,"https://preview.redd.it/353x0j90q57f1.jpeg?width=550&format=pjpg&auto=webp&s=a85dbc6f4bbed7e561a7dcce79add72e2c82a65c

If I were you, I wouldn't touch Pandora's box.",Edelmarder,1,2025-06-15 21:14:06+00,2025-06-19 00:33:53.562808+00
mxyzh9g,1l9xdei,1l9xdei,"Since the second last update this is in game never had anything like this happen to me and now it happens some games clans mates have same issue
I play on eu",jackie8991,1,2025-06-15 20:56:05+00,2025-06-19 00:33:53.562808+00
mxypnuf,1l9k4pz,mxyltes,Already smarter than the average player by going in a group and not isolating yourself,New_Explanation9146,1,2025-06-15 20:05:24+00,2025-06-19 00:33:53.562808+00
mxyntzz,1l9k4pz,mxs8e0z,"Don't talk to me about ""knowledge of the game"", I've been in it since 2012. To answer your question, I got 0 idea what or who ""Klaus"" is. 

Instead of non-constructive flaming, I got something important for you. Kislyi just called, says he needs a new yacht for this season and can't buy it without you. Go renew you wot+. And also, your yearly premium is almost up, refresh it as well. And buy some lootboxes, while you're at it. Never hurts, right? Vic will be SO thankful for your help.",_Unknown_Mister_,1,2025-06-15 19:55:53+00,2025-06-19 00:33:53.562808+00
mxyltes,1l9k4pz,1l9k4pz,"That's me the lone new player. I'm too stupid to know what the broken tanks are or the map positions.


I just play heavies and go with the biggest group and try to face blast them or get attention enough to where others can blast them free of damage.¬†


Been having lots of fun that way. üëç


Main problem I've been having is that my tracks will get shot every two seconds it seems but that is my own skill issue and Churchill tank selection I will have to get over.


If I go off by myself I have a bad time and get shot by players who know the map from wherever distance like you said.¬†",Angry4Pickles,1,2025-06-15 19:45:29+00,2025-06-19 00:33:53.562808+00
mxy8pxo,1l9n1u2,mxtzgnt,"yes like a skin3d mod, I added that as an idea for future skins hehe. Thanks for the idea üòÑ",DarKoLa016,1,2025-06-15 18:37:52+00,2025-06-19 00:33:53.562808+00
mxy7fp9,1l9qnld,1l9qnld,That's why I quit wot,Fit_Technician1701,1,2025-06-15 18:31:11+00,2025-06-19 00:33:53.562808+00
mxy5ekp,1lahlwc,1lahlwc,Char Murat. It has a small bump in hp damage (390 to 429) and it feels so nice. Is like this is the Alpha it‚Äôs meant to be!,sirwembleyy,1,2025-06-15 18:20:45+00,2025-06-19 00:33:53.562808+00
mxy51dt,1lae3ju,1lae3ju,A kill every 10 games or so. Lol.,Paratrooper450,1,2025-06-15 18:18:52+00,2025-06-19 00:33:53.562808+00
mxy1xn4,1laawqr,mxja18u,I got ammo 1shotted like 20 times in low tiers its crazy,Intelligent-Back-322,1,2025-06-15 18:02:51+00,2025-06-19 00:33:53.562808+00
mxxs5cj,1laawqr,mxxmisl,In the games I have played so far people were quite aggressive and spotting was never a problem. People just YOLO.,larymarv_de,0,2025-06-15 17:13:47+00,2025-06-19 00:33:53.562808+00
mxxod69,1lae3ju,1lae3ju,And only 2800 battles survived.,McGyver61,2,2025-06-15 16:54:50+00,2025-06-19 00:33:53.562808+00
mxxmisl,1laawqr,mxxizpd,"I'm not saying it's hard at all. I don't think I was bottom ever, but I just used OP stuff to get it over with fast.


I'm saying that IMO it promotes very boring gameplay, because nobody wants to spot (only damage counts) and nobody wants to make aggressive plays for wins because they might die first and get no reward.


I know that the problem with giving everyone rewards is people will just queue and afk, but IMO it would still lead to way more fun games.",Appropriate-Owl5693,2,2025-06-15 16:45:30+00,2025-06-19 00:33:53.562808+00
mxxizpd,1laawqr,mxxb326,I disagree. It‚Äôs quite easy to get some points. Even if you are not a really good player it‚Äôs to regularly get into the best 10 out of 15.,larymarv_de,0,2025-06-15 16:27:18+00,2025-06-19 00:33:53.562808+00
mxxb326,1laawqr,1laawqr,"Mode could be fun if they gave rewards to everyone instead of only 10/15 players, makes it instantly devolve into even worse camping than regular games :D 

Such a basic thing to consider IMO... if you think it'll be to fast to complete, double the required points",Appropriate-Owl5693,2,2025-06-15 15:45:50+00,2025-06-19 00:33:53.562808+00
mxx3cif,1lajhbz,mxrajrp,Do you know how long it takes to do all this work ?,Esterex33,1,2025-06-15 15:05:18+00,2025-06-19 00:33:53.562808+00
mxx3697,1lajhbz,mxm1tc0,"I am the author of these images and the accompanying video. If you'd like to discover the story behind it all, as Reddit doesn't allow YouTube links in comments, I invite you to go to the YouTube homepage and paste this immediately after: watch?v=NjAHyNvQzJ8

English translations are available!

You can also check out the link to my YouTube channel on my Reddit profile ;)

You can also search for the title of my video on YouTube: News Tech Tree No. 10 - SEAM 220t",Esterex33,1,2025-06-15 15:04:22+00,2025-06-19 00:33:53.562808+00
mxx3056,1l9qnld,mxelkus,"I am the author of these images and the accompanying video. If you'd like to discover the story behind it all, as Reddit doesn't allow YouTube links in comments, I invite you to go to the YouTube homepage and paste this immediately after: watch?v=NjAHyNvQzJ8

English translations are available!

You can also check out the link to my YouTube channel on my Reddit profile ;)

You can also search for the title of my video on YouTube: News Tech Tree No. 10 - SEAM 220t",Esterex33,2,2025-06-15 15:03:27+00,2025-06-19 00:33:53.562808+00
mxx2xin,1l9qnld,mxi0yny,"I am the author of these images and the accompanying video. If you'd like to discover the story behind it all, as Reddit doesn't allow YouTube links in comments, I invite you to go to the YouTube homepage and paste this immediately after: watch?v=NjAHyNvQzJ8

English translations are available!

You can also check out the link to my YouTube channel on my Reddit profile ;)

You can also search for the title of my video on YouTube: News Tech Tree No. 10 - SEAM 220t",Esterex33,1,2025-06-15 15:03:03+00,2025-06-19 00:33:53.562808+00
mxx2qpg,1lae3ju,mxjusaa,"Yea brother, I will see now he doesn't impact in only light that dies in first minute on Proc",nazar_shvets,1,2025-06-15 15:02:02+00,2025-06-19 00:33:53.562808+00
mxx2l8o,1lajhbz,mxs5ewz,"I took the 3D models and export them to Midjourney, the video is translated into English if you want ;)",Esterex33,1,2025-06-15 15:01:14+00,2025-06-19 00:33:53.562808+00
mxx2d7m,1lae3ju,mxmkmwm,"Really wanna see how I(a lot of players) gonna drown 1v1 vs arty after I got 8k damage, just to keep myself matched against noobs?",nazar_shvets,1,2025-06-15 15:00:03+00,2025-06-19 00:33:53.562808+00
mxx23j8,1l9qnld,mxq1po8,"I translated the whole video by hand into English, don't worry ;)",Esterex33,1,2025-06-15 14:58:36+00,2025-06-19 00:33:53.562808+00
mxx0h8d,1l9ux4v,mxj2qe4,Gold spammer cheater rng,Fantastic-Reveal9780,1,2025-06-15 14:49:54+00,2025-06-19 00:33:53.562808+00
mxws2op,1lahlwc,1lahlwc,"Lefh 105, it reliably pens for 600 every 8 seconds",a__n__t__o__n,1,2025-06-15 14:02:47+00,2025-06-19 00:33:53.562808+00
mxwka0k,1la3fht,mxvh1zs,ü¶ß,art_faye,1,2025-06-15 13:14:44+00,2025-06-19 00:33:53.562808+00
mxw0880,1laawqr,1laawqr,No one said the Squall? With HE pen it‚Äôs easy 1800dmg with 17 sec reload. Everyone picks 5000 hp low tier PAPER tanks guys. I do 6000+dmg in every game with the Squall. It‚Äôs tier 8 so it gets quite good hp buff.,CryComfortable99,1,2025-06-15 10:38:19+00,2025-06-19 00:33:53.562808+00
mxvzkrr,1la7b35,mxpyo5e,"Cones into a thread to insult then tells others to touch grass, sure sweetie .",QWERTYFish25,1,2025-06-15 10:32:02+00,2025-06-19 00:33:53.562808+00
mxvp36k,1lae3ju,mxkmsoi,"Just remember, you are being downvoted by literal children",Old-Maintenance-3791,0,2025-06-15 08:46:49+00,2025-06-19 00:33:53.562808+00
mxvj8eo,1l62b3o,1l62b3o,I stopped doing surveys. They won't listen anyway.,Boy0Nacho,1,2025-06-15 07:48:31+00,2025-06-19 00:33:53.562808+00
mxvie5j,1l8sw0k,1l8sw0k,"yeah your are right, we need more damage...",themaniaxx,1,2025-06-15 07:40:04+00,2025-06-19 00:33:53.562808+00
mxvh1zs,1la3fht,mxtyrkv,"ah yes, the good old ""digging through accounts to find ammo"". Not an american, btw, not farming wn8 either, just a decently okay player [https://tomato.gg/stats/DareLite-510316195/EU](https://tomato.gg/stats/DareLite-510316195/EU)

Youre not happy for me, youre virtue-signaling by writing with a thin veil of ""hey chatgpt , write a witty comeback for me in forced good formatting"". Youre just a troll poster with permanently downvoted opinions every once in a while on a simple basis of how dogshit they are. Youre not ""cool"" by being ""against the grain"" , youre simply a shunned duckling trying to embrace its unique brand of whatever it is that makes it shunned. 

also, the sheer notion that everything is gonna be alright... well...  [you must have felt like a badass writing that](https://www.reddit.com/r/gifs/comments/57tq5v/daredevil_dog/)",darkowozzd97,1,2025-06-15 07:26:34+00,2025-06-19 00:33:53.562808+00
mxvfl89,1l9ux4v,mxj2qe4,aCtuAlly itS bEcAUsE YoU aRE a PayToWin pLaYeR.  BoNd EqUipMeNt iS cHeAtIng. PreMium cOnsUmaBleS lOl kekW,Mr_Martiino,1,2025-06-15 07:12:12+00,2025-06-19 00:33:53.562808+00
mxuq90s,1la7b35,1la7b35,"Seems to be the way most SEA players work, all prayers and rituals, no actual skills!!!",Merovingian_Lord,1,2025-06-15 03:38:47+00,2025-06-19 00:33:53.562808+00
mxu8gxk,1l6ojax,1l6ojax,Caliban is a banger name,obeliskboi,1,2025-06-15 01:41:38+00,2025-06-19 00:33:53.562808+00
mxtzgnt,1l9n1u2,mxshdfo,Like as a 3D mod style In-game? I‚Äôd equip it every game and promote it lol,Stretch35,1,2025-06-15 00:45:03+00,2025-06-19 00:33:53.562808+00
mxtyrkv,1la3fht,mxooctt,"You didn‚Äôt really bring much to the conversation,
but that‚Äôs okay ‚Äî what matters is that you feel good about it.

I‚Äôm happy for you. Keep opening those crates, keep farming Wn8 like you re playing a PoE, and never stop believing in yourself.
Persevere.

Everything‚Äôs gonna be alright, American boy",art_faye,1,2025-06-15 00:40:44+00,2025-06-19 00:33:53.562808+00
mxty0pp,1l9mhaa,1l9mhaa,T7 Car. A 1000 dmg clip hits hard.,Pretty-Isopod-6944,1,2025-06-15 00:36:04+00,2025-06-19 00:33:53.562808+00
mxtved2,1lah7em,1lah7em,"**Rule 9.3** states that if a player receives Paid Items due to bugs, fraud, or other irregularities, they must report it to Wargaming.

I respectfully disagree that any violation occurred.

* I paid for the boxes using in-game gold I purchased with real money.
* I followed the publicly stated mechanics.
* There was no indication that receiving gold compensation for duplicate tanks, after completing the 10-tank list, was unintended or against any rule.
* There was no announcement, error message, or warning indicating a technical bug or abuse.
* If this was truly a technical issue, the responsibility lies with the event design, not with players who followed the rules.

Had I known that gold compensation would later be invalidated or considered a ‚Äúbug,‚Äù I would not have invested in this event. I feel misled, and this undermines my trust in Wargaming.",AdSavings716,1,2025-06-15 00:19:37+00,2025-06-19 00:33:53.562808+00
mxtrly1,1l9k4pz,mxlbu32,That's kind.i would. But I'm na,AngrySquidIsOK,1,2025-06-14 23:56:17+00,2025-06-19 00:33:53.562808+00
mxtm40c,1lahlwc,1lahlwc,LT-432 and HWK-30 to hunt low tiers with loads of HE and ramming,MaladjustedMuppet,1,2025-06-14 23:23:35+00,2025-06-19 00:33:53.562808+00
mxtl5pq,1laknss,mxld61j,Id consider that blessed. Thing is a beast. Especially in a coordinated platoons hands,ScrewReddit2314,3,2025-06-14 23:17:58+00,2025-06-19 00:33:53.562808+00
mxtg10k,1lahlwc,1lahlwc,"MS-1 with its 492 gold pen. Armor? What's that?

Another is the tier 6 French arty. The fast and now survivable shotgun is pretty funny.

Shoutout to the tier 2 and 3 German collector artys and their 1148 damage shots.",Tier71234,1,2025-06-14 22:47:50+00,2025-06-19 00:33:53.562808+00
mxtdk1f,1l89adq,mxkehmj,Multiplank,Schuhsuppe,1,2025-06-14 22:33:07+00,2025-06-19 00:33:53.562808+00
mxt9ny2,1lah7rk,1lah7rk,The consumable limit is the worst.,Plus_Goose3824,1,2025-06-14 22:10:06+00,2025-06-19 00:33:53.562808+00
mxt8b17,1l89adq,1l89adq,AE Phase 1: *sweating nervously*,Loser2817,1,2025-06-14 22:02:11+00,2025-06-19 00:33:53.562808+00
mxt6vii,1lad4m2,mxr0qmr,"Have you ever thought about the fact that other game modes do not have multi tiered tanks in a platoon upon creation, but rather, all tanks are the same tier? There is(or at least used to) be a large amount of tanks in the files for that purpose, like the T-34-85 on tier 1 and such. 

It might seem minor, but coding does not work like that. Just because something is minor as a thought does not mean it's simple code.

The thing about WoT is that most things happen on the server. The physics, economy, penetration, rng, ground pressure, spotting, crew perks... all this happens on the server. And you do not want to mess with that, especially when the platoon system is closely connected to matchmaking and economy as well (you can guess about which part a multinational corporation cares about the most)

Not to mention that even a minor thing (such as a special type of texture) can literally cause the client going to shit. That's what delayed the first Mirny 13 event by a year.

There is a choice. 

You either have a game with a lot of ""hard coded"" things and boring restrictions with bugs that are in the grand scheme of things insignificant, 

or you have a game whose servers crash every day and has bugs that will actually cause the game to not work (most of the teams afk, tier 1s going against tier 10s in randoms, -1000000 credits after a win in a Pz. I C, ...), that will be basically unplayable.

Don't get me wrong, WG is a shitty corporation, but a multiplayer game with years of updates such as WoT is everything but simple code.

Of course, if you are a WoT developer with actual access to the whole code base, then touch√©, you are right, game can be just fixed with an if statement, and now go back to work on the September update.",gougim,0,2025-06-14 21:53:59+00,2025-06-19 00:33:53.562808+00
mxt1n3o,1l8emzm,mx694lq,Bond vents with good crew gives you almost the same gun stats + all the other benefits,Brunothecameramann,1,2025-06-14 21:24:33+00,2025-06-19 00:33:53.562808+00
mxt16bx,1lah7em,1lah7em,wow I would be pissed,Venom286,1,2025-06-14 21:21:57+00,2025-06-19 00:33:53.562808+00
mxsyn7o,1lahlwc,1lahlwc,I had hopes i get to reinact that scene from GUP with BT-42 and a maus. But havent seen a maus in this mode yet.,larbbu,1,2025-06-14 21:08:08+00,2025-06-19 00:33:53.562808+00
mxsyhst,1la7b35,1la7b35,I got to try that,Venom286,1,2025-06-14 21:07:19+00,2025-06-19 00:33:53.562808+00
mxsuwsz,1lae3qm,1lae3qm,Squall has 2k clip every 15 seconds btw,Upstairs_Vegetable32,1,2025-06-14 20:48:03+00,2025-06-19 00:33:53.562808+00
mxsua8e,1lah7rk,mxln7i7,"Same. And my second, and third...",A_loud_Umlaut,1,2025-06-14 20:44:39+00,2025-06-19 00:33:53.562808+00
mxssj2v,1lae3ju,1lae3ju,41% wr is worse than bot/afk winrates. Dude probably grief and tilts the rest of his team to just give up as well. I am curious about the replays of the 3 kholovanov medals though. Perhaps he has a pz2j or some MM monster prem he was clubbing in.,LaPurpleDrank,2,2025-06-14 20:35:20+00,2025-06-19 00:33:53.562808+00
mxskk7y,1lae3ju,1lae3ju,What's his Twitch account? I can't find it.,originalpanzerlied,1,2025-06-14 19:52:21+00,2025-06-19 00:33:53.562808+00
mxsjlr9,1lae3ju,1lae3ju,Nah.,Otto_von_Grotto,1,2025-06-14 19:47:05+00,2025-06-19 00:33:53.562808+00
mxshdfo,1l9n1u2,1l9n1u2,"mmh, I might be able to create this üëÄ",DarKoLa016,2,2025-06-14 19:34:44+00,2025-06-19 00:33:53.562808+00
mxsf343,1lahlwc,1lahlwc,"Everyone is looking at super low tiers, but I think the best tanks are in the middle tiers because you can equip repair kits and med kits along with being able to take modified configuration. I really like the Tier VII Scorpion, 412 heat pen along with its tiny profile and great camo. 

Captured King Tiger also feels pretty solid, decent AP/APCR pen along with workable armor. I've also had some pretty good games in the Charioteer. I can't think of any mediums that really stood out to me, I did try the 122TM once and the gun felt pretty nice and punchy in that mode.",bandage106,1,2025-06-14 19:22:01+00,2025-06-19 00:33:53.562808+00
mxsd0nz,1lal0b4,1lal0b4,"Let's just make the game the same 3 hull down tanks so everyone stops complaining that different tanks with different roles play differently and sometimes that different role is something that other tanks are weak to.

If you don't like tank destroyer sitting way back in a bush getting damage without putting themselves at much risk, ask WG to change the LT dynamics and give them something they can actually do better than tier VIII+ mediums.",Cetun,1,2025-06-14 19:10:42+00,2025-06-19 00:33:53.562808+00