id,title,author,flair,selftext,category,reasoning,created_utc,processing_timestamp
1levtwk,Im proud to say i ACED the tog in just a couple of games since buying it,Regular-Attitude-652,Picture,The best 4k bonds ever (ik its not the best game of all time but itâ€™s and ACE so Iâ€™m still proud ),Positive Experience,"The user expresses pride in achieving an ACE with their TOG in just a few games, highlighting a personal accomplishment in the game.",2025-06-18 23:24:37+00,2025-06-19 00:32:57.092935+00
1levic7,"Thats a class 3? In a M4A3E2? I shoulda had a fourth killing blow but 1584 damage, 2385 blocked and 517 spotting is really a 3? Does it being a loss affect that? Its health is 850. Nearly doubled that in damage and tripled in blocking. Rigged",Aquatection,Post Battle Result,,Negative Experience,"The post expresses frustration about not receiving a higher class despite significant contributions in a battle, indicating dissatisfaction with the game's scoring system.",2025-06-18 23:10:00+00,2025-06-19 00:32:57.092935+00
1leunar,Amazing gun on a terrible tank,SomeRandomGuyHere1,Post Battle Result,,Positive Experience,"The post highlights a favorable aspect of a tank's gun despite the overall tank being considered bad, suggesting enjoyment in gameplay.",2025-06-18 22:31:30+00,2025-06-19 00:32:57.092935+00
1leuesb,Most effective method to turn BP tokens into Credits?,youngsyr,Discussion,"Hi all, I'm currently grinding a couple of Tier Xs for the next onslaught season and so will need 12m credits to eventually buy them.

I'm not really interested in any of the BP token tanks, so what's the best way to turn my 25 BP tokens into credits - is it to buy the AE Phase 1 for 12 tokens and sell it for credits 3.5m credits?

  
I know the Cobra can be sold for 3.5m credits and costs 28 tokens, so that's about 125k credits per token.

The Char futur 4 can also be sold for 3.5m credits and costs 18 tokens I think so that.s just under 200k credits per token.

Both aren't as good as the AE Phase 1's just under 300k credits per token.",Question/Help Request,"The post is asking for advice on how to convert BP tokens into credits, seeking input from the community on the most effective method.",2025-06-18 22:21:00+00,2025-06-19 00:32:57.092935+00
1leu9rh,"My first ""Crucial Contribution"" thanks to a rando pluon but sadly got it before ""Brothers in Arms"" so no decal upgrade (might have bulline some T6s)",DareDaviDPL,Post Battle Result,"https://preview.redd.it/oxtbiavuer7f1.png?width=1020&format=png&auto=webp&s=530f2dc05ac3e8a176c72b8340f09161ff2a1530

",Positive Experience,The post shares a personal achievement in the game with a sense of excitement about receiving a 'Crucial Contribution' reward.,2025-06-18 22:15:00+00,2025-06-19 00:32:57.092935+00
1leu4wu,Looking for a clan,KaleidoscopeFitat,Clan,"Hi, I want to find a clan, mostly just to get clan boosters, I'm very poor in terms of silver.  I would participate in clan battles, but I'm afraid that I'll be a problem, because I'm playing with ping 200-250.  I speak English and Russian.
My profile in tomato https://tomato.gg/stats/PPD_marksman-686300900/EU

",Question/Help Request,The post is seeking assistance in finding a suitable clan due to concerns about personal performance and internet connectivity.,2025-06-18 22:09:12+00,2025-06-19 00:32:57.092935+00
1lesdtc,I swear ShPTK is not a TD but a MT,Wide-Lynx6386,Video,"An edit of a 6k game with tier 8 ShPTK. I find that funny, because this is my 2nd 6k game with this tank and my top dmg ever is 7,6k with two tiers higher AMX 30B.

I have developed a habit to play turreted mobile TDs as a support paper MT (I am doing that even with DBV to some extend). But it seems to work out, if I know what I am doing.

I just hate to sit in one bush and snipe for the whole game",Community/Discussion,"The post shares personal experiences and gameplay strategies related to a specific tank, inviting engagement and discussion within the community.",2025-06-18 20:56:45+00,2025-06-18 21:23:35.665243+00
1les16p,No thanks.,N1CET1M,Shitpost,,Sarcasm/Humor,"The post is intended as a humorous or sarcastic comment, as indicated by the flair 'Shitpost' and the vague content that suggests a light-hearted tone.",2025-06-18 20:42:35+00,2025-06-18 21:23:35.665243+00
1lertgv,"WG: ""battles not rigged"" GAME BUG ""Let Me Introduce Myself"":",Sargento_Duke,Bug Report,"HAPPENED TO SOMEONE? GIANT LOADING SCREEN STUCK WHEN PLAYING???

1 Had to restart the game

2 when i returned MORE PLAYERS WERE AFFECTED BY THE BUG? They did not even moved and 0 damage

3 i dont use any mod and first time this happens on 14 years.. but i remember a bug like that on the old times of WoT 

**Wargaming please FIX THAT:**

https://preview.redd.it/2lnxuso7yq7f1.png?width=1280&format=png&auto=webp&s=6ffbb75826cb73d2f1b73b6ccebca61a3ccb5c7c",Bug/Issue Report,"The post describes a technical issue with the game regarding loading screens and player inactivity, which aligns with a bug report.",2025-06-18 20:33:56+00,2025-06-18 21:23:35.665243+00
1lergz2,UI did not adjust to the new resolution,TrainingBrilliant610,Technical Help,"Hey guys, as the title says, my UI (in the garage and in battle) is basically the same size as on my old monitor (24in 1080p) after I switched to my new one (27in 1440p). Is there a way to put everything back to scale? 

[Current settings](https://preview.redd.it/lysnssmouq7f1.png?width=805&format=png&auto=webp&s=298a1216cc2257eee51d96b26db2e896f3594194)

My game is in full screen with the right settings as far as I'm aware.

[current](https://preview.redd.it/m76wtxhruq7f1.png?width=2560&format=png&auto=webp&s=e9d8e15304c694e2b64ae24d9e0d390f0a079da3)

[before the switch](https://preview.redd.it/pjzz4kluuq7f1.png?width=1920&format=png&auto=webp&s=4e9e50b261a5b2c9b5eba6512ccf50198f036185)

",Question/Help Request,The post is seeking assistance with a technical issue related to UI scaling after a hardware upgrade.,2025-06-18 20:19:40+00,2025-06-18 21:23:35.665243+00
1lerdld,"Obj. 752 3 marked. Broken; but man, gun handles like it has 750 alpha while it's got 390.",MilliyetciPapagan,Picture,I AM ADDICTED TO 3 MARKING AND HURTING MY MENTAL HEALTH SOMEBODY HELP,Negative Experience,"The post expresses frustration with the effects of the game on the user's mental health, indicating a negative experience.",2025-06-18 20:15:51+00,2025-06-18 21:23:35.665243+00
1ler19j,"EBR 3 mark, worst 3 mark of my life.",Mems4Lice,Picture,Was the most frustrating 3 mark due to the limited number of maps this tank can play well.,Negative Experience,"The post expresses frustration with achieving a 3 mark in a tank, indicating a negative personal experience.",2025-06-18 20:01:54+00,2025-06-18 21:23:35.665243+00
1leqr1s,Accused of Cheating? Just explain your thought process and you might end up with a new ingame friend (Highway Edition),GlassAcanthocephala8,Gameplay Guide,"I for once had a post match chat, which had an unexpected happy end. Normally I don't care about people trash-talking after they had a disappointing game. We all have been there. But this very case I'd like to share, because maybe it gives some insight to players who are not familiar with figuring out where they are being spotted from or how view ports and visibility checkpoints work.

So after being accused of using aimbot, I explained to this guy how I could precisely tell where he was hiding and how I could one-shoot him blindly.

In general you expect enemy lights to sit in standard bushes. Every map has them, bushes that are prone to being shot at. On Highway (where the encounter with said gentleman happened), any light tank from north spawn has a good chance of spotting the entire heavy line when rushing to the likes of J8 or J7. With somewhat decent snipers in the back, you assist a lot of early damage. However, as a player from south spawn being spotted while driving to the city, you know there is a light sitting in J8 (mostly). In my case, I (FV4005) was spotted and decided to wait behind the little hill, covering me from the light AND from enemy TDs. However, arty kept shooting at me precisely. There was no way the light in J8 was still spotting me, so he must have been further down the street, but where?  
I then experimented a bit, hiding myself from different bushes along the street by driving up and down and re-exposing.  
Be aware, your first person view (gun view) is lower than your view port (where you spot other tanks and get spotted yourself). When peeking ridgelines, [your and the enemy's turret view port (highest physical point of each tank) will spot each other first](https://wiki.wargaming.net/en/Camo_and_Spotting#View_Range_Ports). That's why you spot enemies over ridgelines, before you can actually see them through your gun. Or alternatively, when you peek carefully and get spotted from a light, he's most likely in that one bush you just barely couldn't see yourself through your gun view.... does that make sense?  
Anyway, I was able to figure out exactly from what bush I got spotted from.  
I eventually kept driving up into the city, only to then slowly peek behind one of the houses using the slowest auto drive, preaiming the bush I figured the Manti was sitting in. Now obviously, he had like a minute to move or be ready to properly react to my peek.... but he decided not to move and eat 182.9mm of finest british HESH instead. Against all odds, he's my latest ingame friend now :D

Maybe this helps some of you better understand how a small part of spotting mechanics in WOT work. There are tons of other aspects to it, I know...",Constructive Feedback,The post shares personal experiences and insights into gameplay mechanics while encouraging others to understand and learn from the interactions in the game.,2025-06-18 19:50:35+00,2025-06-18 21:23:35.665243+00
1leqb5y,Which Battle Pass tank would you choose?,killer_srb,Discussion,"I already have all other BP tanks which are not on the list.

[View Poll](https://www.reddit.com/poll/1leqb5y)",Community/Discussion,"The post invites users to share their opinions on which Battle Pass tank they prefer, fostering engagement and conversation within the community.",2025-06-18 19:32:47+00,2025-06-18 21:23:35.665243+00
1leq8bg,T-44 to Obj. 430,blackopium90,Question,"I started playing Wot again one month ago and want to push all Russian trees. Earlier, I had a t-44 from which I went to obj. 140. Now I have elite status on t-44, and I don't get exp to research obj 430. Can someone tell me what is happening?",Question/Help Request,"The post seeks clarification on why the user is unable to progress from the T-44 to the Object 430, indicating they need assistance.",2025-06-18 19:29:43+00,2025-06-18 21:23:35.665243+00
1lep3r8,It's coming... (link in comments),MeshSpirit,News,,News/Update Sharing,The post is labeled as 'News' and implies an upcoming announcement or update related to World of Tanks.,2025-06-18 18:45:48+00,2025-06-18 21:23:35.665243+00
1leo8cq,KV-1 Finished,Askul1,Fan Made,"My long project is over. 
3 mm Steel. 
Weight 23 kg. 
Length 410 mm. 
Width 210 mm. 
Height 190 mm. ",Community/Discussion,"The post showcases a fan-made project related to the game, inviting engagement from the community.",2025-06-18 18:11:16+00,2025-06-18 21:23:35.665243+00
1lencj2,I dont get Chi-Ri,No_Acanthaceae3763,Gameplay Help,"According to Skill4ltu Chi-Ri should be better than Chi-To. To be honest I didnt mind playing Chi-To, I was quite ok with it, ended w with 2100wn8. But Chi-Ri seems like bigger, slower Chi-To with not mutch better gun. That autoloader kills peek and shoot gameplay, even with short interclip reload most of the time its not worth to wait to unload into someone and its not that easy to isolate targets on maps that we have now.

  
And that 111k exp to STA-1. Im suprised but I prefer AMX AC46 more than this crap.",Question/Help Request,The post expresses confusion about the Chi-Ri tank's performance compared to the Chi-To and seeks advice or opinions on the matter.,2025-06-18 17:37:06+00,2025-06-18 21:23:35.665243+00
1leml8h,Quality of life ingame Equipment UI request,_no_usernames_avail,Wargaming Response Inside,"At match start it shows me what equipment, ammo and consumables i have loaded.   
This should persist the entire match.  
  
I play vanilla and should not have to download a mod just so I can see how I have my tank setup. 

Why not leave the equipment loadout on the screen? ",Constructive Feedback,"The post suggests a quality of life improvement for the game's UI, expressing a desire for better accessibility of equipment information during matches.",2025-06-18 17:07:53+00,2025-06-18 21:23:35.665243+00
1leltkv,"Beginner Here â€“ Loving the Game So Far, Need Advice.",Tiny_Salary_2982,Question,"Hey tankers!

Iâ€™m super new to World of Tanks â€“ just started playing a few days ago and Iâ€™m already hooked. The game is really cool but also kind of overwhelming, and I feel like thereâ€™s so much I donâ€™t know yet.

Iâ€™d love to get some advice from you experienced players:
	
â€¢	What are some beginner mistakes you made that you regret and would warn a new player about?
	
â€¢	Any tips for learning the game faster or improving without getting destroyed every match?
	
â€¢	What are some things I should be focusing on early game?

Alsoâ€¦ I got this Lion Lockbox, but I have no idea how to get keys to open it. Can someone explain how that works? Is it free-to-play friendly or do I need to buy something?

Any advice is appreciated â€“ tanks in advance! ðŸ˜„
",Question/Help Request,The post seeks advice and guidance from experienced players on various gameplay aspects as well as clarifying a specific in-game mechanic.,2025-06-18 16:38:28+00,2025-06-18 21:23:35.665243+00
1lekjsu,Are there going to be any new Tier IX Premium tanks that you can buy with BONDS in the near future?,Flashy-Deer3894,Question,If anyone has any info : ),Question/Help Request,The post is seeking information about the availability of new Tier IX Premium tanks that can be purchased with BONDS.,2025-06-18 15:48:29+00,2025-06-18 16:09:22.903236+00
1lejtcs,When will Overlord finally be reworked?,Chris95n,Question,"You know what I mean. I'm sick of people playing on beach. Seven tanks go there, enemy just waiting with four tanks for them and they get battered like people with 45% winrate and 0 perk crew in a light tank. WG actually needs to do this for the sake for every team and especially for the safety of some players. No one can explain to me why beach is the right call. 

  
But well I forgot: It does not generate any money for WG.",Constructive Feedback,The post expresses frustration about a specific map in the game and suggests a rework while also pointing out the imbalance it creates.,2025-06-18 15:19:28+00,2025-06-18 16:09:22.903236+00
1lejisi,Can someone explain how twitch drops work?,larbbu,Question,"So is there some kind of time limit that i can earn summerdrop coins again? Got one last Monday, and when I star looking at steams the counter won activate?",Question/Help Request,The user is seeking clarification on how Twitch drops work and the timing associated with earning rewards.,2025-06-18 15:07:41+00,2025-06-18 16:09:22.903236+00
1lejhaw,Lights VS Mediums,Mautadolo,Shitpost,I think the Matchmaker just had a stroke.,Sarcasm/Humor,"The post uses humor to comment on the matchmaker, suggesting a comedic exaggeration rather than a serious issue.",2025-06-18 15:06:07+00,2025-06-18 16:09:22.903236+00
1lehp6m,British Camouflaged changes discussed by David Willey,solidfox535,Video,,News/Update Sharing,"The post discusses changes to British camouflage as communicated by a notable figure in the World of Tanks community, indicating it shares new information.",2025-06-18 13:53:53+00,2025-06-18 16:09:22.903236+00
1leh3ov,"After 3 weeks of maddening frustration with Aliance-15 & rage selling T110E3 & Badger, finally unlocked the Chimera",Tiger88b,Shitpost,"[279e to go but I'm sure I'm never going to reach it](https://preview.redd.it/jre5ai8fto7f1.jpg?width=1920&format=pjpg&auto=webp&s=5a2734c4a525f04bec9659a6e0fcb4e92c44ed8c)

",Sarcasm/Humor,"The post expresses frustration in a humorous way, suggesting a struggle with the game while also celebrating the achievement of unlocking the Chimera.",2025-06-18 13:27:31+00,2025-06-18 16:09:22.903236+00
1leh2ud,I didnt realise i hit 7k battles today,CJM7447,Picture,"Fun game, would get artied again",Positive Experience,"The post reflects enjoyment of the game, as the user highlights reaching a significant milestone with a positive tone.",2025-06-18 13:26:27+00,2025-06-18 16:09:22.903236+00
1legndi,The Chopper is the only tech tree tank in the British tech tree with only one available gun (save tier 10),Sestican_,Post Battle Result,,Community/Discussion,"The post discusses a specific aspect of the British tech tree in World of Tanks, prompting discussion among community members about tank configurations.",2025-06-18 13:07:47+00,2025-06-18 16:09:22.903236+00
1leg734,"These randomly awarded blueprint parts don't feel that random when I seem to have a ton of Polish and Japanese ones compared to other nations that have way more tanks. The VK 100 P, Type 4, WZ-111. and P.44 Pantera are the only ones I used mine on(that aren't already researched now).",Aquatection,Discussion,,Community/Discussion,The post expresses a personal observation about blueprint part distribution and invites discussion on the topic within the community.,2025-06-18 12:47:02+00,2025-06-18 16:09:22.903236+00
1lefcsm,this machine is worth all of my 8k bond,amx_guy,Discussion,"i think this vehicle is great,like just have 5 or 6 matches(probably wr and dmg gonna go down but still good) and already 3.5k average total dmg per match,like its a gem,after buying f\*ch 155 its feels great to buy something worth bonds(i buyed m60 after f\*ch and before senlac good but didnt feel like it this much)so what are yall opinions and suggestions about this tank?also whats the upsides and downsides for yall?thx for reading",Community/Discussion,"The post shares a positive experience with a tank and invites others to share their opinions and suggestions, fostering discussion within the community.",2025-06-18 12:05:43+00,2025-06-18 16:09:22.903236+00
1lefb1b,So infuriating,Rampant_Ranger,Shitpost,"Like we stole defeat from the jaws of victory,  
All we had to do was sit in the cap circle and we wouldve won, but these suckers wanted to go for the all kill win... and we lost assault cuz of time ughhhhh wtf",Negative Experience,"The post expresses frustration about losing a game due to teammates' poor decision-making, highlighting an infuriating experience.",2025-06-18 12:03:14+00,2025-06-18 16:09:22.903236+00
1lee9bb,PLEASE allow me to HULL Lock FOREVER,d10221,Shitpost,"PLEASE allow me to HULL Lock Forever  
Let Disable/Enable the hull lock 'x'  'FOREVER'  ... OR NEVER  
I hate when switches back on, and NO, I don't want to HOLD the right mouse button  
the mouse should steer ONLY the GUN when tank allows it",Sarcasm/Humor,The exaggerated plea for a feature combined with the over-the-top wording suggests a humorous take on a common gameplay frustration.,2025-06-18 11:05:28+00,2025-06-18 11:18:45.91673+00
1ledehm,Czech LT = Auto fail?,Tiger88b,Shitpost,"Not sure if others have seen this but the czech lights seems to be completely outclassed in their light tank role by more conventional LTs.

If one team ends up with a 50% WR tesak and the other team gets a 50% WR manticore / T-100LT/AMX 13 105 etc.; the other team seems to be at a massive advantage and usually ends up winning, at least as per my observation, if their other tanks don't completely fail.",Negative Experience,"The post expresses frustration and disappointment regarding the performance of Czech light tanks compared to their counterparts, highlighting a perceived imbalance in gameplay.",2025-06-18 10:13:18+00,2025-06-18 11:18:45.91673+00
1led42g,I just stopped shooting?,pan_panzerschreck,Technical Help,Is that caused by mod or is that some new feature to prevent VERY specifically receiving damage from amx 13 f3/udes 03 spawning a shell inside your tank if their breech is inside you?,Question/Help Request,The post is seeking clarification about a technical issue related to shooting mechanics in the game.,2025-06-18 09:54:45+00,2025-06-18 11:18:45.91673+00
1lecrcx,Can you handbrake turn on UK wheeled mts?,Interesting-Pace-938,Gameplay Help,"Played the UK wheeled mts at tier 7 and 8, always tried handbrake turning out of habit, but it almost never happens. The first time it happened I was confused by the inconsistency. Overall it feels like it happens 1 in 20 times (on normal tanks it happens all the time no failure)

So am I doing something wrong? Can you actually handbrake turn on UK wheeled mts?",Question/Help Request,"The post seeks clarification on the mechanics of handbrake turning with UK wheeled medium tanks, indicating a request for help or information.",2025-06-18 09:31:13+00,2025-06-18 11:18:45.91673+00
1leca2v,Strongest polish player,ivanrad5,Meme,,Sarcasm/Humor,"The post appears to be a lighthearted or humorous take on the prowess of Polish players in the game, indicated by its flair and title.",2025-06-18 08:58:32+00,2025-06-18 11:18:45.91673+00
1leb18j,Piggy down,CJM7447,Video,\#30,Community/Discussion,"The post features a video title and seems to invite discussion among the community, likely about a gameplay event or moment.",2025-06-18 07:31:52+00,2025-06-18 08:10:50.517065+00
1le9weo,3 mark,ScarletStormDust,Picture,"The M10 and other tanks like it are whatâ€™s wrong with this game, I turned my brain off for 50 games to fix my stats and 3 mark this (went from 89 games at 53% to 139 at 96% thingâ€¦ I 1000% now see why new players hate this game (yes itâ€™s on South America no idc most ppl on the highest dpg and highest overall dmg are on South America as well) ",Negative Experience,"The post expresses frustration with the gameplay and highlights issues that affect player enjoyment, indicating a negative overall experience.",2025-06-18 06:17:13+00,2025-06-18 08:10:50.517065+00
1le87dc,How do you learn the maps?,Eevy365,Wargaming Response Inside,"I'm not that experienced, so perhaps this is a dumb question, sorry! Often I find myself completely unsure of where to go or how to best contribute to a fight, sometimes relocating unnecessarily and ending up in worse positions or even overcommitting to a side. How do people learn the maps and all the encounter spots, flanking positions and what works best with the tank and situation that you're currently in?  
  
I've tried some of the topography options, but many of the maps are unavailable there. Where can I find up to date guides on maps and ""working"" tactics/approaches? Is it just a matter of playing maps often enough, and through trial and error learning what works and what doesn't?",Question/Help Request,"The post asks for advice on learning maps and improving gameplay strategies, which clearly indicates a request for help.",2025-06-18 04:32:40+00,2025-06-18 08:10:50.517065+00
1le77s3,Did the O-I back off the chopper or did he really just not believe that I'd cover him from?,Aquatection,Video,,Community/Discussion,"The post raises a question about game interactions and player behavior, inviting discussion among the community.",2025-06-18 03:37:13+00,2025-06-18 08:10:50.517065+00
1le2lvp,3 Marking lights,Giraffe279e,Meme,,Sarcasm/Humor,The post uses a meme format likely to convey humor or sarcasm related to the game's marking system.,2025-06-17 23:46:08+00,2025-06-18 00:32:39.984671+00
1le233c,Brit Assault Tds infesting floors now,Livewire____,Picture,,Community/Discussion,"The post seems to be engaging with other players about the prevalence of British Assault Tank Destroyers in the game, likely in a humorous or light-hearted manner.",2025-06-17 23:22:07+00,2025-06-18 00:32:39.984671+00
1le2233,Battlepass tokens,Paronic,Discussion,I'm wondering what tanks are worth considering when spending battlepass tokens?,Question/Help Request,"The post asks for advice on which tanks to consider when spending battlepass tokens, indicating a request for guidance.",2025-06-17 23:20:53+00,2025-06-18 00:32:39.984671+00
1le03de,Tanks for campaigns.,AIZENWARRIOR52341,Question,"People who tank good branch or even premium recommend me to advance in the branches, I have 13k games in 5 years, I have given a lot of playing this game and I have come back, which is why I have not been able to advance much in the campaigns, currently I am just in the 3rd campaign for the t55a and I have just started to advance through El chimera, I feel that the tanks I have do not help and also my skill as a player, also if someone plays as artillery, which one do you recommend, I have advanced and I already have at tier 10 from the Americans but it hasn't really helped me much ",Question/Help Request,"The post is asking for recommendations on tanks to advance in campaigns and advice on playing artillery, indicating a request for assistance.",2025-06-17 21:55:08+00,2025-06-18 00:32:39.984671+00
1ldzwf6,Frying pan,Captain_McGurk,Shitpost,"I watched Skill's video about the frying pan and thought it was time for tier 8 again.

This tank is really fun, the DPM and the 330 Heat are absolutely amazing.

The tank should have the third gunmark by Friday.

A really pleasant change of pace. You have to get used to the limited turning range of the turret but otherwise - really fun.",Positive Experience,The post expresses enjoyment and satisfaction with the tank's performance and overall gameplay experience.,2025-06-17 21:47:14+00,2025-06-18 00:32:39.984671+00
1ldztt2,How to improve?,dandan7_,Discussion,"Hello guys! I really want to improve in this game and my target is 3000+ recent wn8. Currently i am at 2300 recent wn8. What is your advice? I actually do not know how to improve, what to look at and your suggestions would be appreciated. Thanks in advance.",Question/Help Request,The post is asking for advice on how to improve gameplay and achieve a specific performance metric in World of Tanks.,2025-06-17 21:44:19+00,2025-06-18 00:32:39.984671+00
1ldyxfv,Looser teams rigged game,Exciting-Aside3186,Shitpost,"

[Oh my god, the amount of terrible players in this game is so stupid. How can i have a 33&#37; win rate, that is below a bot level. These useless players are always on my team, and i know when i get them cause my shells can't hit anything so i know it's a loose. When will wg fix this rigged mm??](https://preview.redd.it/qom38ko1yj7f1.png?width=362&format=png&auto=webp&s=132eeae04a72bc5f31345b9cc8ecb6bd8a8d7591)

[Oh wait, this is actually a small sample size. All i need to do is play more games at the same performance level and the stats will start to reflect my performance.](https://preview.redd.it/7ht2t289yj7f1.png?width=367&format=png&auto=webp&s=4a62d5a851051154a503218cc52d2fd4271dedeb)

  
",Sarcasm/Humor,"The post uses exaggerated language about team performance and rigged matchmaking, followed by a self-aware comment that indicates it's intended as a humorous take on the typical frustrations in the game.",2025-06-17 21:07:16+00,2025-06-18 00:32:39.984671+00
1ldx9mh,"RNGesus blessed me today,hope bless yall too",amx_guy,Picture,,Positive Experience,"The post expresses a positive sentiment about luck in the game, suggesting a good experience that the author wishes to share with others.",2025-06-17 20:01:19+00,2025-06-18 00:32:39.984671+00
1ldviqz,weird match,Flimsy-Plantain-5714,Picture,,Community/Discussion,"The post describes an unusual match experience, inviting discussion among players about similar occurrences.",2025-06-17 18:53:55+00,2025-06-18 00:32:39.984671+00
1lduvrh,Sure WG,counterpointftw,Shitpost,"[SURE Caliban with HE to my FACE taking 686. ](https://preview.redd.it/mhq7hvwb6j7f1.png?width=1987&format=png&auto=webp&s=83028a032f401b6fc10d4751ecff36a183988266)

",Sarcasm/Humor,"The post uses humor and sarcasm to express frustration with a game incident involving a high damage hit, indicated by the 'Shitpost' flair.",2025-06-17 18:29:13+00,2025-06-18 00:32:39.984671+00
1ldro1o,How to play SPGs in World of Tanks! (real version),Wonderful-Lack3846,Gameplay Guide,Source: MaxgamingFPS yt channel,Community/Discussion,"The post shares a gameplay guide about playing SPGs, indicating it is meant for community engagement rather than a personal experience or feedback.",2025-06-17 16:27:29+00,2025-06-17 17:20:27.309521+00
1ldrht9,I LOVE the IS2M,Mikzu_____,Post Battle Result,,Positive Experience,"The post expresses strong enthusiasm and affection for the IS2M tank, indicating a positive sentiment about the player's experience.",2025-06-17 16:20:43+00,2025-06-17 17:20:27.309521+00
1ldpfqt,I should have tried more...,neouyt,Post Battle Result,,Negative Experience,"The post reflects regret and a sense of underperformance, indicating a negative feeling about the battle results.",2025-06-17 15:01:43+00,2025-06-17 16:09:18.255116+00
1ldnopo,Redeeming the codes for Xbox accounts?,ExplicitCyclops,Question,"Hi all. New player here. Iâ€™ve seen a bunch of codes to redeem online for your WoT account. Iâ€™ve managed to successfully link my Xbox live account, but the website for console users is different from wargamingâ€™s website and I canâ€™t see where to redeem codes. Does anyone know how? ",Question/Help Request,"The post is seeking assistance on how to redeem codes for Xbox accounts in World of Tanks, indicating a request for help.",2025-06-17 13:52:04+00,2025-06-17 16:09:18.255116+00
1ldmy1k,Finally a long-awaited news on wot site,Tall-Bad-1143,Shitpost,,Sarcasm/Humor,The flair 'Shitpost' and the title suggest a humorous or sarcastic take on the news from the WoT site.,2025-06-17 13:20:01+00,2025-06-17 16:09:18.255116+00
1ldm58v,Why do ppl hate Foch 155?,GhostRuS2009,Post Battle Result,"I love playing it, its so easy to understand what to do in it, it pens almost everything without gold, literally the only problem is the big ass cupola on top.",Community/Discussion,The post shares a personal experience with the Foch 155 while inviting discussion about the differing opinions on the tank.,2025-06-17 12:43:31+00,2025-06-17 16:09:18.255116+00
1ldkh9j,"Ladies and gentlemen, it is with great regret and sorrow that i am here to inform you that.... Im back to playing this godforsaken game",Rikizu,Shitpost,,Sarcasm/Humor,"The post uses exaggerated language to convey a humorous sentiment about returning to the game, indicating a lighthearted approach.",2025-06-17 11:18:27+00,2025-06-17 11:58:15.880552+00
1ldjwdz,Wargaming HAS to remake the Cool-Headed medal,JohnnyMastercard,Discussion,"Since the autocannon tanks like Blesk, Selma and Tesak were introduced to the game, literally anyone can get the cool-headed medal (survive at least 10 ricochets and non-penetrating hits in a row) without any efforts. I've even seen some SPGs who got the medal. I remember that medal was actually quite hard to get and there was no chance you can get this medal with any other tank but a heavy. Nowadays I see this medal in almost every match with a autocannon-tank.
I think WG really has to rework the mechanics behind this medal (e.g. hits from autocannons do not count).
But maybe it's just me, idk",Constructive Feedback,"The post suggests a specific change to the mechanics of the Cool-Headed medal, expressing concern about its current attainability and offering a solution.",2025-06-17 10:45:17+00,2025-06-17 11:58:15.880552+00
1ldjdnz,Can we all report this well know player?,AnubiusGTR,Picture,"I had unfortunate 2 games in row with him, and as many well know, he is suicider trash.

Luckily in one game he was in enemy team, in another in my team. Teams that get him right away lose tank and put in disadvantage and as U guessed, teams that had him lost those 2 games.

I personally dont remember if had him my games before, but always had him in blacklist thx to reddit, but today seeing him in person, allowed me to have replays to send to support and hopefully get him banned.

I urge all players to report if U see him in Ur team and even in enemy team. Hes not welcome.",Negative Experience,The post expresses frustration with a specific player and encourages others to report him due to a negative impact on game outcomes.,2025-06-17 10:13:10+00,2025-06-17 10:20:39.022657+00
1ldixjw,"WOT ban this ""player"" !!!",oN_disordeR,Video,"Player in a T-34 tank. Follow what he did. I also attached a screenshot in the video, with his real name and results. His average damage is ""4"". 

At the end of the video is a full screen screenshot, because I'm not sure if you can see it on this small one. I also apologize for filming like this, because I don't know how to switch from player to player from my team during the replay. I have a replay saved if anyone needs it. ""Players"" like this ruin games.",Negative Experience,The post expresses frustration with a player's performance and how it negatively impacts the game experience.,2025-06-17 09:44:12+00,2025-06-17 10:09:37.315548+00
1ldiq4u,This man choose a draw against literal A.I with over half his health remaining. He only had 578 battles and I couldn't put his ID out there in good faith but Lordie.... I don't know.,Aquatection,Post Battle Result,,Community/Discussion,"The post shares an experience about a player's decision in a match, inviting discussion and reflection on player behavior.",2025-06-17 09:30:27+00,2025-06-17 10:09:37.315548+00
1ldi2pw,I feel like in Russia,fomo2020,Discussion,"Idk what's up with the Russians? Ukranians? swarming EU servers but can you please at least learn a few fkin words? Ð¡Ð¿Ð°ÑÐ¸Ð±Ð¾

WOT Game Rules 7.01. Chat in English.",Community/Discussion,"The post expresses frustration about language barriers in chat, initiating a conversation about player behavior on EU servers.",2025-06-17 08:46:42+00,2025-06-17 08:47:44.39555+00
1ldhqwa,Most fun tank ?,BuccoNi,Discussion,"Hey there, been returning to the game recently and wanted to ask what your most favorite/fun tank is regardless of how bad you are on it ðŸ˜‰",Community/Discussion,"The post invites community members to share their opinions on the most fun tank, fostering a discussion among players.",2025-06-17 08:23:51+00,2025-06-17 08:47:44.39555+00
1ldhq7t,Why are maps and game modes suddenly different above tier 7?!,osoichan,Question,"How the fuck am I supposed to learn this game if I play on completely different maps before tier 8? What exactly were the lower tiers supposed to teach me? I finally get to tier 7, I get thrown into tier 8 matches, against players with way better tanks, better crews, and suddenly itâ€™s all new maps too?! Like what the actual fuck?

I donâ€™t know where to go. I donâ€™t know where to look. I die before I even see someone. I donâ€™t even know where to **expect** enemies. 

How am I supposed to ""get better"" like I've heard 2 times now, on lower tiers?   
2 separate people have told me to go back to lower tiers to learn the game xD BUT THE GAME IS DIFFERENT IN LOWER TIERS

Different tanks and different timings with new/more mobile and fast tanks would be one thing, but now it's suddenly new tanks new ranges and new maps and modes fuck me",Question/Help Request,The user is expressing confusion about the differences in gameplay and map designs at tier 7 and is seeking advice on how to improve their experience.,2025-06-17 08:22:30+00,2025-06-17 08:47:44.39555+00
1ldgsr9,His gaming chair was just better i guess,DankassPretzel,Shitpost,screenshot of the kill cam pen report in the comments,Sarcasm/Humor,"The post uses humor to mockingly attribute an outcome to an absurd reason, implying the gaming chair had an influence on performance.",2025-06-17 07:17:03+00,2025-06-17 08:04:20.881305+00
1ldfh50,10 VS 10 random battles will fix blowouts.,ZeubeuWantsBeu,Discussion,"Turbo battles are a problem. Nobody likes getting rolled over in 5 minutes.

WG response is reworking maps to bigger sizes. Airfield, Ensk region, and soon: Mines (and part of Klondike). It's no coincidence that the smallest maps are getting reworked first. In combination with bigger maps, why not reduce team size? Simply getting shot less will result in living longer.

Here are my biggest arguments:

- Matchmaking is 33% faster.
- Faster MM = more time to spend on balancing.
- More balancing  = slower games.
- Mistakes won't kill you instantly.
- More open maps, more moving around

For all my fellow tryhards who sweat for MoE, don't worry. You can disable 10 VS 10 just like you can disable assault.

What do you think the side effects could be?",Community/Discussion,"The post invites opinions on a proposed change in game mechanics and discusses potential impacts, making it a discussion-based topic.",2025-06-17 05:51:30+00,2025-06-17 08:04:20.881305+00
1ldbpgm,100% NA TOG happily retired,Quesadilla_sin_queso,Picture,,Positive Experience,"The post expresses a sense of happiness and contentment about retiring a tank, indicating a positive sentiment towards the game.",2025-06-17 02:22:35+00,2025-06-17 08:04:20.881305+00
1ldbd24,Are we getting new nations this year?,Last-Air9440,Discussion,,Community/Discussion,"The post is asking a question about potential new nations in the game, inviting community opinions and speculation.",2025-06-17 02:05:26+00,2025-06-17 08:04:20.881305+00
1ld94rq,New Player. Battlepass?,Branboob,Question,"I just started playing with my buddy who has been playing on and off for a while. I like the game a lot and decided to buy all chapters of the battlepass. The problem is I only have 3 tanks that are eligible to earn points: T6 Medium, M4A1, and the M4A3E8. Is it possible to finish all 3 chapters of the battlepass? Do I start unlocking a bunch of tier 4s just so I can complete all the chapters?",Question/Help Request,"The post is asking for guidance on completing the battlepass with limited tank options, indicating a request for assistance.",2025-06-17 00:15:32+00,2025-06-17 08:04:20.881305+00
1ld8v5c,Progress,chise47,Picture,"4th of April â€”> yesterday
52.8% recent wr with 1900 recent wn8, 5600 wtr. progress is being made for sureeeeee
",Positive Experience,"The post shares personal progress statistics in a positive tone, highlighting improvement in win rate and performance.",2025-06-17 00:02:41+00,2025-06-17 08:04:20.881305+00
1ld8qsk,A Lion Doesn't Concern Himself,ACertainPole,Shitpost,,Sarcasm/Humor,The title and flair suggest that the post is intended to be humorous or sarcastic rather than a serious discussion about the game.,2025-06-16 23:57:21+00,2025-06-17 08:04:20.881305+00
1ld8j0m,"the AMX M4 mle 45, has to be one of the dumbest forced grinds I've seen in this game",FCZ1LoneWolf,Shitpost,"https://preview.redd.it/p0pgef34md7f1.png?width=542&format=png&auto=webp&s=69e136b1f0e7298e7bb6ce01ec26fe0039624c9b

",Sarcasm/Humor,The use of the term 'dumbest forced grinds' suggests a humorous take on a frustrating aspect of the game rather than a serious complaint.,2025-06-16 23:47:26+00,2025-06-17 08:04:20.881305+00
1ld7ci7,Got my 1st ever MoE in WoT on SMV CC-56,DEAMONzWojSKA,Picture,I don't even know how this happend. I was just enjoying the tank as it's really good.,Positive Experience,"The post expresses joy and excitement about achieving a milestone in the game, reflecting a positive personal experience.",2025-06-16 22:54:17+00,2025-06-17 08:04:20.881305+00
1ld6mci,"Strv 74, 2 MoE",RealBadCorps,Post Battle Result,[WoT Record Replay](https://wot-record.com/replay/332125/badcorps_greatest_strv_74_game_ever),Positive Experience,"The post highlights an achievement of earning 2 Marks of Excellence in the Strv 74, indicating a successful and satisfying gameplay experience.",2025-06-16 22:22:42+00,2025-06-17 08:04:20.881305+00
1ld6gg9,"The HE shells on the Top gun (90mm Mecar) are the second slowest on any light tank in the game (above tier 1), only 'beaten' by the British OQF 3-inch Howitzer Mk.1",Sestican_,Post Battle Result,,Constructive Feedback,"The post addresses a specific aspect of game mechanics, providing a comparison of HE shell performance, suggesting an analysis and potential improvement area.",2025-06-16 22:15:53+00,2025-06-17 08:04:20.881305+00
1ld5bop,Criminal that these OSTs were removed,No1PDPStanAccount,Meme,,Sarcasm/Humor,"The post uses humorous language about the removal of OSTs, suggesting a playful or sarcastic tone rather than conveying a serious concern.",2025-06-16 21:29:34+00,2025-06-17 08:04:20.881305+00
1ld59j8,Game purpously getting bad players on team,SpecialistBubbly1382,Shitpost,"So last 4 days are very chaotic for me, winrate below 45% with avg damage of 3000. All games had people that go and troll, i even had a clan on team(they were platoon of 3 and they are also a clan of 3 no one else) and they had a VM in their nickname as a virtual machine and their winrate was 38% after 15+K battles, and they just went and died afer a minute in game with 0 damage dealt... all three of them. So i decided to report them and WG said, nah they wre good you just feel frustrated, we have automatic tools to recognize. THEIR ACCOUNTS ARE ALL IN RED STATISTICS, what do you mean WG???

Today I decided I will not play until the night so i can relax a bit and at 22:30 i sit to play, went to game and selected tier 9 japanise heavy tank and i was top tier, map Paris, did 5200 dmg, enemy caping the base, 3v2(my team 3), i was near their base and Skoda medium in my team was in the middle of the map, i ping him go to decap, doesnt care, goes running around, we lost game because of base cap... i was 1 second late to decap it.
What the hell can i do in my game to not get people like this, what did i do to WG for them go troll me??? I wanted to throw my pc away for fk sake.

",Negative Experience,"The user shares a frustrating experience regarding poor teammates and a felt lack of support from the game's reporting system, expressing anger and disappointment.",2025-06-16 21:27:10+00,2025-06-17 08:04:20.881305+00
1ld4vuz,Stinger - 3 Marks of Excellence (EU),killer_srb,Post Battle Result,,Positive Experience,"The post highlights a player's achievement of earning 3 Marks of Excellence, which is a clear indication of a positive gaming experience.",2025-06-16 21:12:01+00,2025-06-17 08:04:20.881305+00
1ld4r19,Old but gold,Captain_McGurk,Shitpost,"I have never reached a third gunmark on this map

There's not much to say about the Leo - absolute powerhouse",Sarcasm/Humor,"The post's informal tone and playful language, particularly with the phrase 'Old but gold' and the context of achieving a third gunmark, suggest it's meant to be humorous rather than a serious discussion.",2025-06-16 21:06:47+00,2025-06-17 08:04:20.881305+00
1ld4f07,Is the BZ-75 really that bad? / should I get the BZ-75?,Future-Celebration83,Question,"I want to get another heavy tank. So far all I have is the is-7 and the rinocerante. Tbf, Iâ€™m not really all that interested in many of the heavy tanks the game has to offer at tier X. The only ones that really interest me right now are the BZ, and Is-4. But I donâ€™t feel like grinding the is-4 so Iâ€™m looking at the BZ. 

Whenever I ask around the discord I get very mixed views on it. A lot of people say it isnâ€™t a good tank but is that true? Watching QB play it in his new damage record video looked fun, and it seems like an interesting tank.  Personally Iâ€™m not super into meta, so long as the tank is fun to play thatâ€™s good enough for me. But the issue lies in is the tank annoying to play? I donâ€™t want to get the tank only to suffer in it. ",Question/Help Request,"The post seeks opinions and advice on whether the BZ-75 is a good choice for a heavy tank, indicating a request for help.",2025-06-16 20:53:57+00,2025-06-16 21:01:58.388508+00
1ld4apu,Are you kidding me?,HJVN,Picture,,Negative Experience,"The title suggests frustration or disbelief, indicating a negative sentiment likely related to an experience in the game.",2025-06-16 20:49:19+00,2025-06-16 21:01:58.388508+00
1ld4abk,What's the use of these emblems?,More_Butterscotch_96,Question,,Question/Help Request,"The post asks for clarification about the use of emblems in the game, indicating a request for information.",2025-06-16 20:48:54+00,2025-06-16 21:01:58.388508+00
1ld37kk,To the ones who cant play this game ðŸ‘‡,Nalatreb625hun,Shitpost,"I play this game for 3 years. I am not bad. Im shit. I have 4.300 wtr rating. I play light and arty to avoid using apcr. Im a free tonplay player. Most of my battles are about entering the battle and die in the first minute. This is when i play with light. Enemy fl 75 is running on the middle of the map...nobody shoots at him. When i have the courage to szep out of a bush o get one shooted with apcr. Recently i played much with panhard lynx 6x6. I dont know how to play with lights. I dont know how to play without apcr. I dunno why people spending their money on this game when there are starving children elsewhere. 
My average dmg? 200...lets say 
I dunno will i be better after a year or no.
Guys you are not alone. You mightvsee streamers getting 10k easily. Just know guys they dont have life as you guys have who cant play with this. ",Negative Experience,"The post expresses frustration and dissatisfaction with gameplay, highlighting personal struggle and poor performance.",2025-06-16 20:07:13+00,2025-06-16 21:01:58.388508+00
1ld373w,How to leave protective matchmaking?,Background-Speed-955,Question,"I just made a new account and just want to jump right into playing against real people, any way out of this? I have no friends to platoon with to pull me out",Question/Help Request,The post seeks assistance regarding leaving protective matchmaking in the game.,2025-06-16 20:06:42+00,2025-06-16 21:01:58.388508+00
1ld1ndm,Rng for damage,Various_Possible_428,Discussion,"

If I average 390 damage I should not low roll 296 on a tank that's one shot and leave him on 6 hp. That's absolutely ridiculous I'm using the 122 on the kv-4 imagine I had the 107 and then what roll for fucking 200. This is absolutely ridiculous it should not happen it's so fucking stupid. I've played World of Tanks on all platforms the RNG on PC is so unbelievably bad almost destroyed whole setup. Then I bounced a fully aimed shot on the lower plate of the progetto 54 when he was like 10 feet away. Just to rub salt in the wound. If I lose because of playing badly on my part or the other team playing exceptionally well that's one thing but if I'm getting fucking screwed because the game decided fuck me it just makes for such an unjoyable experience. ",Negative Experience,The post expresses frustration with RNG mechanics negatively impacting gameplay and overall enjoyment.,2025-06-16 19:06:25+00,2025-06-16 21:01:58.388508+00
1ld0xtf,I would love to see Kharkov map to come back.,MeshSpirit,Picture,,Community/Discussion,"The post expresses a desire for a specific map to return, indicating a community preference and sparking discussion among players.",2025-06-16 18:39:17+00,2025-06-16 21:01:58.388508+00
1lcyb12,I have trubble logging into my account,Krofna14_,Wargaming Response Inside,"In order to log into my account i need to link my eu account with an american one which i dont remember making in the first place, i cant even change the password on any of them.",Question/Help Request,"The post is asking for assistance with account login issues and account linking, indicating a need for help.",2025-06-16 17:02:39+00,2025-06-16 21:01:58.388508+00
1lcwrwh,M48 and Cent AX,YamMaleficent8205,Discussion,"Yeah like the title said, but I won't do a comparison post cause we got plenty of that already. 

So I got both tanks and I love them so much, the play style is pretty much the same, hull down and let the accurate gun and gun depression doing the job for you, sometimes if RNG said you meant to lose the fight and the whole battle, then yes, you won't hit or even pen a god damn thing, every shot from the oppenents will go through your turret no matter the hell 254mm effective front armor mean sth.  

The M48 is slower, yes, but somehow, maybe it just me or the complicated feeling, bias yeah could be too. I feel like the M48 is easier to play, easier to control, easier to understand and be one with it. Got the Cent after it, enjoy everybit, but the feeling just isn't the same, no matter which one I play, I always go back to the M48. Anyone? ",Community/Discussion,"The post shares personal experiences and opinions about two tanks while inviting others to contribute their thoughts, making it a discussion-focused post.",2025-06-16 16:04:43+00,2025-06-16 16:09:08.868922+00
1lcvy1z,How do you play the foch B?,NomanicTrooper,Gameplay Help,"I have tried on multiple occasions to play the tank and I just canâ€˜t for the life of me get it to work.
Yes the clip potential is amazing, but itâ€˜s just so hard to find isolated targets nowadays. 
Every time I go for an ambush I get hit like 3 times from other tanks than my target. Am I playing too aggressively? Should I have more patience with it? 

I will take every tipp I can get :) Because I really want to learn it.",Question/Help Request,The post seeks advice on how to play the Foch B effectively and asks for tips to improve performance.,2025-06-16 15:33:09+00,2025-06-16 16:05:29.576747+00
1lcv0rf,Multiplayer has a new meaning i guess,kovaccc,Meme,,Sarcasm/Humor,"The title and flair suggest a humorous take on the multiplayer experience, implying a light-hearted or sarcastic interpretation.",2025-06-16 14:57:50+00,2025-06-16 16:05:29.576747+00
1lcunnq,Type 63 o BP,AIZENWARRIOR52341,Question,"People who recommend me to buy, I shouldn't spend a lot but, I will make the exception, I would like to know if the type63 is a good tank, whether it is for farming credits or it is fun, or I buy a chapter of the battle pass, ",Question/Help Request,"The post seeks advice on whether to buy the Type 63 tank or invest in a chapter of the battle pass, indicating a request for help regarding in-game purchases.",2025-06-16 14:43:30+00,2025-06-16 16:05:29.576747+00
1lcu5wb,My account is 11 years old and garage space used to be way more limiting or expensive but somehow I am at this impasse. Is my only solution to individually retire like all the useless ones and hope that is enough? I can't actually even hire anymore excluding through auto-filling on purchasing a tank,Aquatection,Gameplay Help,,Question/Help Request,The post seeks advice on how to manage garage space and account limitations in World of Tanks.,2025-06-16 14:24:19+00,2025-06-16 16:05:29.576747+00
1lctk8t,Blocked damage not counting?,aurora_embers,Question,"Can somebody explain this to me?   
I noticed this during the match as well.. This XM57 shot me twice in the turret, but the very first shot of the game that i blocked didn't count? 

I was in a T29 on Westfield and I was on hill so I know for a fact only my turret was showing and thats where i got shot. 

I wasn't tracked, nor did any other modules get damage from the shot.  
What's going on? Am I missing something or is this a known bug? ",Question/Help Request,"The post is asking for clarification on why blocked damage didn't count in a specific match scenario, indicating a need for assistance or explanation.",2025-06-16 14:00:20+00,2025-06-16 14:04:53.55162+00
1lctcwh,Highest damage games from the first weekend of Equalize,Salki1012,Discussion,"Curious what everyoneâ€™s highest damage games were or that they saw from the first weekend of the Equalize mode, (maybe even someone on the WG side can scrounge around on their end to find the answer!) 

My personal record which was also the highest I saw of anyone else was 17,980 in the ShPTK.",Community/Discussion,The post encourages sharing personal experiences and invites others to discuss their highest damage games in the Equalize mode.,2025-06-16 13:51:44+00,2025-06-16 14:04:53.55162+00
1lcrxzo,Which one?,Due_Reflection3070,Discussion,I have 33 tokens I can use. I already have the Cobra which of the other three 28 token vehicles do you think is the best?,Question/Help Request,"The user is seeking advice from the community on which vehicle to choose, indicating a need for help and input.",2025-06-16 12:49:39+00,2025-06-16 13:38:10.122964+00
1lcqqlr,Type 63 get buffed?,NomanicTrooper,Question,"When the whole tech tree got buffed, did the type also get the accuracy and gun handling buffs? or is it still like before and got forgotten?

I really canâ€˜t find any truth about this.",Question/Help Request,"The post is seeking clarification about the Type 63's status after the tech tree buffs, indicating a request for information.",2025-06-16 11:49:37+00,2025-06-16 13:38:10.122964+00
1lcq9s9,Curious about current state of game (outside of usual greedy monetization),Ocara115,Discussion,"I've been away from the game since November last year, uninstalled since the monetization fiasco with selling of the Wt E100, and the tiered loot boxes it made me not want to reinstall even more. However, I've been having the itch play again. I'm curious if the Wt E100 premium and I think DBV (didn't pay too much attention other than hearing the tank was insanely op) or some other tier 9/10 loot box tanks have made the game more frustrating to play than it ever has been. I mostly play tier 10, with some tier 9 on occasion or when grinding a new tier 10, and tier 8 just for credits. ",Community/Discussion,"The post invites conversation about the current state of the game and shares personal experiences, making it a discussion-oriented inquiry.",2025-06-16 11:24:20+00,2025-06-16 13:38:10.122964+00
1lcq9hf,"Fires gun effectively, ish granted two bad ones. second or third dead on the team as a result yet the battle rages on for 350% longer and wait a minute... Then what was everyone else doing if that is the final result?",Aquatection,Post Battle Result,,Negative Experience,"The post expresses frustration with team performance and the duration of battles, suggesting a poor experience in a recent match.",2025-06-16 11:23:52+00,2025-06-16 13:38:10.122964+00
1lcphrm,I missed the point where Soviet tanks became Russian?,epimethrius,Wargaming Response Inside,"Posted in this topic

[https://worldoftanks.eu/en/news/specials/kv-4-turchaninov-type-63-june-2025/](https://worldoftanks.eu/en/news/specials/kv-4-turchaninov-type-63-june-2025/)",Community/Discussion,"The post invites discussion about the classification of Soviet tanks as Russian and links to a news article, indicating a debate on community perspectives.",2025-06-16 10:39:11+00,2025-06-16 13:38:10.122964+00
1lcolco,My Biggest Problem...,RETARDERP,Discussion,"Literally the BIGGEST issue I have with this game is the fact that ""view distance"" is a thing. I'll be playing a tank destroyer with at least 390+ view distance, among the highest the game will allow, and I'm still being hit by things that are just INVISIBLE. the game prides itself for being ""realistic"" yet it goes, ""oh it's not within a certain distance of you? Must not exist at all. It's especially dumb when I'm ACTIVELY being shot at, and I can SEE where the shots are coming from, yet they're still unhittable. So stupid",Constructive Feedback,"The post expresses frustration with a specific game mechanic and suggests it as a significant issue, indicating a desire for improvement.",2025-06-16 09:43:10+00,2025-06-16 13:38:10.122964+00